timestamp,store_id,amount
2026-05-18 08:00:00,LDN_01,63.27998247334011
2026-05-18 08:00:00,LDN_01,140.48321714150714
2026-05-18 08:00:00,MAN_02,141.6961072495932
2026-05-18 08:05:00,MAN_02,36.97050031517543
2026-05-18 08:05:00,LDN_01,134.61442454238886
2026-05-18 08:05:00,LDN_01,141.0593662390505
2026-05-18 08:05:00,MAN_02,27.509835659953314
2026-05-18 08:05:00,LDN_01,123.52931645207393
2026-05-18 08:10:00,LDN_01,19.41900195010505
2026-05-18 08:10:00,LDN_01,17.375701871403358
2026-05-18 08:15:00,MAN_02,41.03092527309753
2026-05-18 08:15:00,LDN_01,80.24306726601144
2026-05-18 08:15:00,LDN_01,93.12183525743457
2026-05-18 08:20:00,MAN_02,140.8981306492854
2026-05-18 08:20:00,MAN_02,139.20743437148258
2026-05-18 08:20:00,MAN_02,129.99618439345045
2026-05-18 08:20:00,LDN_01,90.0033256424356
2026-05-18 08:25:00,MAN_02,40.57562090379154
2026-05-18 08:25:00,LDN_01,51.26956862027207
2026-05-18 08:30:00,MAN_02,144.63384055955422
2026-05-18 08:30:00,MAN_02,35.14350699617396
2026-05-18 08:35:00,LDN_01,24.848416359977055
2026-05-18 08:35:00,LDN_01,96.01766769535558
2026-05-18 08:35:00,MAN_02,43.51200617536238
2026-05-18 08:35:00,MAN_02,139.0374483295969
2026-05-18 08:35:00,LDN_01,83.57563736986194
2026-05-18 08:40:00,LDN_01,20.512192629908967
2026-05-18 08:40:00,MAN_02,103.62041190524356
2026-05-18 08:40:00,LDN_01,43.869227919317055
2026-05-18 08:40:00,LDN_01,135.43831312481242
2026-05-18 08:40:00,MAN_02,83.69504428540145
2026-05-18 08:45:00,LDN_01,141.9861432322545
2026-05-18 08:50:00,MAN_02,134.96869368556236
2026-05-18 08:55:00,LDN_01,139.52408106330589
2026-05-18 08:55:00,LDN_01,73.44970704094989
2026-05-18 08:55:00,MAN_02,37.543882916315795
2026-05-18 08:55:00,LDN_01,16.038974626093527
2026-05-18 08:55:00,LDN_01,140.1571509601238
2026-05-18 09:00:00,LDN_01,82.92236242599881
2026-05-18 09:00:00,LDN_01,76.79624641702628
2026-05-18 09:00:00,LDN_01,110.09118187167041
2026-05-18 09:00:00,LDN_01,57.34121505630389
2026-05-18 09:05:00,LDN_01,38.67084079628851
2026-05-18 09:05:00,MAN_02,87.6340043063409
2026-05-18 09:10:00,MAN_02,38.24145230873302
2026-05-18 09:10:00,LDN_01,54.601853563806586
2026-05-18 09:10:00,LDN_01,9.922166894940833
2026-05-18 09:10:00,LDN_01,23.076088774473693
2026-05-18 09:10:00,LDN_01,28.818540699993978
2026-05-18 09:10:00,LDN_01,122.43179464892205
2026-05-18 09:15:00,MAN_02,39.622686136403836
2026-05-18 09:15:00,LDN_01,79.33983409739375
2026-05-18 09:20:00,LDN_01,112.01487438182372
2026-05-18 09:20:00,LDN_01,103.31234212106422
2026-05-18 09:20:00,LDN_01,104.81834748202172
2026-05-18 09:25:00,LDN_01,72.08856892209293
2026-05-18 09:25:00,LDN_01,9.521554583886278
2026-05-18 09:30:00,MAN_02,133.46677349424712
2026-05-18 09:30:00,MAN_02,113.69951560272408
2026-05-18 09:30:00,LDN_01,8.207914971704602
2026-05-18 09:30:00,MAN_02,130.75765913917132
2026-05-18 09:35:00,LDN_01,69.67083707890359
2026-05-18 09:40:00,MAN_02,59.03983496678553
2026-05-18 09:40:00,MAN_02,91.6248998146947
2026-05-18 09:40:00,MAN_02,147.73831620201506
2026-05-18 09:40:00,LDN_01,68.67456174268168
2026-05-18 09:40:00,MAN_02,115.23303968400455
2026-05-18 09:40:00,LDN_01,88.29860141108722
2026-05-18 09:45:00,LDN_01,56.420212857912595
2026-05-18 09:45:00,MAN_02,25.266994610811977
2026-05-18 09:45:00,MAN_02,99.45595631102032
2026-05-18 09:50:00,LDN_01,74.68505371236397
2026-05-18 09:50:00,MAN_02,132.47215459651386
2026-05-18 09:50:00,MAN_02,131.8317425392089
2026-05-18 09:55:00,MAN_02,53.46536416845932
2026-05-18 09:55:00,LDN_01,109.26165625171559
2026-05-18 09:55:00,MAN_02,8.928918913005106
2026-05-18 09:55:00,MAN_02,38.44712269907501
2026-05-18 09:55:00,MAN_02,62.60665713125326
2026-05-18 10:00:00,MAN_02,28.31018492700469
2026-05-18 10:00:00,MAN_02,43.02828642347464
2026-05-18 10:05:00,MAN_02,105.73098827389188
2026-05-18 10:10:00,LDN_01,140.14407529895254
2026-05-18 10:10:00,MAN_02,135.50270306797523
2026-05-18 10:10:00,MAN_02,147.8019738495385
2026-05-18 10:10:00,MAN_02,131.7140612465647
2026-05-18 10:10:00,LDN_01,144.355196033071
2026-05-18 10:15:00,LDN_01,55.308214274953016
2026-05-18 10:15:00,LDN_01,25.42426795507098
2026-05-18 10:15:00,LDN_01,30.57611304340238
2026-05-18 10:15:00,LDN_01,94.69864984120173
2026-05-18 10:15:00,LDN_01,30.42883540040019
2026-05-18 10:15:00,MAN_02,93.66086413802394
2026-05-18 10:20:00,LDN_01,53.35737989521591
2026-05-18 10:20:00,MAN_02,104.74342973361793
2026-05-18 10:20:00,LDN_01,7.591720536345003
2026-05-18 10:20:00,MAN_02,27.314906419278984
2026-05-18 10:25:00,LDN_01,57.5471153719118
2026-05-18 10:25:00,LDN_01,55.432335145817994
2026-05-18 10:25:00,LDN_01,92.07494476287974
2026-05-18 10:35:00,MAN_02,75.96661972825537
2026-05-18 10:35:00,LDN_01,20.456746704396913
2026-05-18 10:40:00,MAN_02,17.96459533527763
2026-05-18 10:40:00,MAN_02,145.51988137041764
2026-05-18 10:40:00,LDN_01,25.2066307405595
2026-05-18 10:40:00,LDN_01,86.9443116204353
2026-05-18 10:40:00,MAN_02,88.59488894956677
2026-05-18 10:40:00,MAN_02,142.3560842437132
2026-05-18 10:45:00,MAN_02,29.219922183350906
2026-05-18 10:45:00,LDN_01,74.58196494406678
2026-05-18 10:50:00,MAN_02,11.810065182382981
2026-05-18 10:50:00,MAN_02,89.11250013648262
2026-05-18 10:50:00,MAN_02,92.9736817255141
2026-05-18 10:50:00,MAN_02,53.56131412527749
2026-05-18 10:55:00,LDN_01,146.15590053072256
2026-05-18 10:55:00,MAN_02,16.75170130660895
2026-05-18 10:55:00,LDN_01,62.73446057068678
2026-05-18 10:55:00,MAN_02,142.78441630401636
2026-05-18 11:00:00,MAN_02,56.57254388741762
2026-05-18 11:00:00,LDN_01,107.5496019754428
2026-05-18 11:00:00,MAN_02,104.07252073064141
2026-05-18 11:00:00,LDN_01,90.59276666464713
2026-05-18 11:05:00,LDN_01,100.54397157697194
2026-05-18 11:05:00,LDN_01,125.31256153754424
2026-05-18 11:05:00,MAN_02,14.641958768182736
2026-05-18 11:10:00,MAN_02,62.59161179467595
2026-05-18 11:10:00,LDN_01,86.90196432307938
2026-05-18 11:10:00,LDN_01,142.74437167278268
2026-05-18 11:10:00,LDN_01,46.62052931036235
2026-05-18 11:10:00,LDN_01,51.92348177668348
2026-05-18 11:10:00,LDN_01,120.915302450502
2026-05-18 11:15:00,MAN_02,124.08230917744186
2026-05-18 11:20:00,MAN_02,78.35385843824757
2026-05-18 11:20:00,MAN_02,26.7380269655722
2026-05-18 11:25:00,MAN_02,147.27199581397642
2026-05-18 11:25:00,LDN_01,131.1349724990086
2026-05-18 11:25:00,LDN_01,6.885278909056725
2026-05-18 11:30:00,LDN_01,114.94457897709324
2026-05-18 11:30:00,MAN_02,123.76983606275896
2026-05-18 11:35:00,LDN_01,9.86220303668801
2026-05-18 11:35:00,LDN_01,105.92298961779987
2026-05-18 11:35:00,LDN_01,65.74419017815944
2026-05-18 11:40:00,LDN_01,11.632594902814363
2026-05-18 11:40:00,MAN_02,109.72662241699462
2026-05-18 11:40:00,LDN_01,70.57160142902204
2026-05-18 11:45:00,LDN_01,87.1286728430501
2026-05-18 11:45:00,MAN_02,17.00580684914334
2026-05-18 11:45:00,MAN_02,82.86129131954497
2026-05-18 11:50:00,MAN_02,67.02710439170005
2026-05-18 11:50:00,MAN_02,38.35128140671694
2026-05-18 11:55:00,MAN_02,116.39964501035514
2026-05-18 11:55:00,LDN_01,42.61639784753741
2026-05-18 11:55:00,LDN_01,132.1310173304537
2026-05-18 11:55:00,MAN_02,81.22507643388944
2026-05-18 11:55:00,MAN_02,60.555086596177134
2026-05-18 11:55:00,LDN_01,106.01436946214938
2026-05-18 11:55:00,LDN_01,64.36468956772987
2026-05-18 12:00:00,MAN_02,29.111088469631515
2026-05-18 12:00:00,LDN_01,87.35205843013128
2026-05-18 12:00:00,LDN_01,34.235961406922954
2026-05-18 12:05:00,LDN_01,120.13365244419292
2026-05-18 12:05:00,LDN_01,90.58344669601763
2026-05-18 12:10:00,LDN_01,6.594395155479669
2026-05-18 12:10:00,LDN_01,61.90454057628213
2026-05-18 12:10:00,LDN_01,14.726089221321985
2026-05-18 12:10:00,MAN_02,123.1133344335504
2026-05-18 12:10:00,MAN_02,148.2118611595138
2026-05-18 12:15:00,MAN_02,129.07598787541144
2026-05-18 12:15:00,LDN_01,10.299701837973757
2026-05-18 12:15:00,MAN_02,27.997740267495686
2026-05-18 12:15:00,LDN_01,105.96187250233027
2026-05-18 12:15:00,MAN_02,12.940437629194543
2026-05-18 12:20:00,MAN_02,64.26645480922397
2026-05-18 12:20:00,MAN_02,145.80344554897832
2026-05-18 12:20:00,LDN_01,125.65945580387258
2026-05-18 12:20:00,MAN_02,23.48585603813745
2026-05-18 12:20:00,LDN_01,83.81516486152834
2026-05-18 12:20:00,LDN_01,110.97578390452841
2026-05-18 12:25:00,MAN_02,112.87221242303816
2026-05-18 12:25:00,MAN_02,91.28629995153695
2026-05-18 12:25:00,LDN_01,96.85434187479136
2026-05-18 12:25:00,LDN_01,26.992857561248922
2026-05-18 12:25:00,MAN_02,68.23834672462092
2026-05-18 12:25:00,MAN_02,106.12593875079179
2026-05-18 12:25:00,LDN_01,129.95891504696002
2026-05-18 12:30:00,LDN_01,16.158214236235327
2026-05-18 12:30:00,MAN_02,80.8444865915223
2026-05-18 12:40:00,MAN_02,5.925951398940869
2026-05-18 12:40:00,MAN_02,24.8387014832494
2026-05-18 12:45:00,LDN_01,100.01008719265815
2026-05-18 12:45:00,MAN_02,38.7791238392769
2026-05-18 12:45:00,LDN_01,55.85321324049797
2026-05-18 12:45:00,LDN_01,127.06517262994944
2026-05-18 12:45:00,MAN_02,12.456742955216301
2026-05-18 12:45:00,LDN_01,139.16100602527155
2026-05-18 12:45:00,LDN_01,107.30840001477483
2026-05-18 12:50:00,MAN_02,113.74426820788078
2026-05-18 12:50:00,MAN_02,28.730111715527155
2026-05-18 12:55:00,LDN_01,141.91864092144792
2026-05-18 12:55:00,LDN_01,18.279400632361952
2026-05-18 12:55:00,LDN_01,66.10655983591221
2026-05-18 12:55:00,MAN_02,77.89445656340948
2026-05-18 13:00:00,MAN_02,65.7217261093506
2026-05-18 13:05:00,LDN_01,8.084064573306135
2026-05-18 13:05:00,LDN_01,138.76241027070787
2026-05-18 13:05:00,MAN_02,37.56769932629739
2026-05-18 13:05:00,LDN_01,43.71909917456609
2026-05-18 13:05:00,LDN_01,91.33082751140635
2026-05-18 13:05:00,LDN_01,32.649719496231654
2026-05-18 13:10:00,LDN_01,90.73493818301473
2026-05-18 13:10:00,MAN_02,141.8886042545589
2026-05-18 13:10:00,MAN_02,136.7253313933761
2026-05-18 13:10:00,MAN_02,95.75424958336632
2026-05-18 13:15:00,MAN_02,57.03042019790786
2026-05-18 13:20:00,LDN_01,30.214811136825656
2026-05-18 13:20:00,MAN_02,14.765837212971896
2026-05-18 13:20:00,MAN_02,31.84427468159985
2026-05-18 13:20:00,LDN_01,109.40529779918079
2026-05-18 13:25:00,MAN_02,41.20186128458196
2026-05-18 13:25:00,MAN_02,111.93768097591351
2026-05-18 13:30:00,MAN_02,76.97310584417927
2026-05-18 13:30:00,MAN_02,149.26163428373312
2026-05-18 13:30:00,MAN_02,111.22295409548629
2026-05-18 13:35:00,LDN_01,42.393714387814335
2026-05-18 13:35:00,LDN_01,8.681021570750005
2026-05-18 13:40:00,LDN_01,21.018746404052226
2026-05-18 13:40:00,LDN_01,23.686130783649553
2026-05-18 13:40:00,LDN_01,72.77321913123112
2026-05-18 13:40:00,MAN_02,148.21974651172457
2026-05-18 13:40:00,LDN_01,99.19876410389342
2026-05-18 13:40:00,MAN_02,37.18596348027767
2026-05-18 13:45:00,LDN_01,137.74580315026606
2026-05-18 13:45:00,LDN_01,145.48728901642525
2026-05-18 13:45:00,LDN_01,99.64818563852184
2026-05-18 13:50:00,LDN_01,138.37906437985026
2026-05-18 13:50:00,MAN_02,95.03275007628419
2026-05-18 13:50:00,MAN_02,105.6225244477295
2026-05-18 13:55:00,MAN_02,103.81789472246975
2026-05-18 13:55:00,MAN_02,131.45796679690199
2026-05-18 14:00:00,LDN_01,59.6569422666116
2026-05-18 14:05:00,MAN_02,115.34904586279406
2026-05-18 14:05:00,MAN_02,62.45509274088552
2026-05-18 14:10:00,LDN_01,115.72284015316532
2026-05-18 14:10:00,LDN_01,89.1853107903163
2026-05-18 14:10:00,MAN_02,64.71693255135393
2026-05-18 14:10:00,MAN_02,83.29788005879904
2026-05-18 14:10:00,MAN_02,17.61308018715447
2026-05-18 14:15:00,LDN_01,106.13336194204612
2026-05-18 14:15:00,MAN_02,47.964677466118566
2026-05-18 14:15:00,MAN_02,118.07758229691582
2026-05-18 14:35:00,LDN_01,30.596564640798697
2026-05-18 14:40:00,MAN_02,63.12345543072779
2026-05-18 14:40:00,LDN_01,63.11064382692227
2026-05-18 14:40:00,LDN_01,18.265591422674454
2026-05-18 14:40:00,LDN_01,25.19445053619115
2026-05-18 14:45:00,MAN_02,83.5369611258257
2026-05-18 14:45:00,MAN_02,21.041601858505047
2026-05-18 14:45:00,LDN_01,101.8723448027437
2026-05-18 14:50:00,LDN_01,132.72626008384464
2026-05-18 14:50:00,MAN_02,14.836373570249926
2026-05-18 14:55:00,MAN_02,118.03974866717923
2026-05-18 14:55:00,MAN_02,132.4013480214979
2026-05-18 14:55:00,MAN_02,137.6526556548745
2026-05-18 14:55:00,LDN_01,95.51450940752885
2026-05-18 14:55:00,MAN_02,75.67752374617947
2026-05-18 15:00:00,LDN_01,36.646813740434304
2026-05-18 15:05:00,LDN_01,37.075369063842324
2026-05-18 15:05:00,LDN_01,11.103512497272472
2026-05-18 15:05:00,LDN_01,15.89497835169227
2026-05-18 15:05:00,MAN_02,31.183425043463362
2026-05-18 15:05:00,MAN_02,55.22016918306438
2026-05-18 15:05:00,LDN_01,89.41471672555963
2026-05-18 15:05:00,LDN_01,100.47551602547169
2026-05-18 15:10:00,LDN_01,142.18674200937676
2026-05-18 15:15:00,MAN_02,41.51086354150815
2026-05-18 15:15:00,MAN_02,55.58589864873432
2026-05-18 15:15:00,LDN_01,31.27879459402072
2026-05-18 15:20:00,MAN_02,113.40336012555642
2026-05-18 15:20:00,LDN_01,65.5761834142634
2026-05-18 15:20:00,MAN_02,97.9664067683681
2026-05-18 15:20:00,LDN_01,120.31376021968408
2026-05-18 15:25:00,MAN_02,60.66422709911566
2026-05-18 15:25:00,MAN_02,8.538113325698014
2026-05-18 15:25:00,MAN_02,8.565102886526219
2026-05-18 15:25:00,LDN_01,132.23182508140513
2026-05-18 15:25:00,MAN_02,31.30813808802061
2026-05-18 15:25:00,MAN_02,40.259967694920846
2026-05-18 15:25:00,MAN_02,138.52207297951898
2026-05-18 15:25:00,LDN_01,133.8684715810017
2026-05-18 15:30:00,MAN_02,114.94816340970827
2026-05-18 15:35:00,LDN_01,94.30016228643416
2026-05-18 15:35:00,LDN_01,6.898696205308378
2026-05-18 15:35:00,LDN_01,21.95021590271279
2026-05-18 15:35:00,MAN_02,105.38010185508861
2026-05-18 15:40:00,MAN_02,39.53650325177534
2026-05-18 15:40:00,LDN_01,51.74130752133483
2026-05-18 15:40:00,LDN_01,46.64965378984185
2026-05-18 15:40:00,MAN_02,66.65595814803885
2026-05-18 15:40:00,LDN_01,23.779663586006606
2026-05-18 15:40:00,LDN_01,48.082648765360375
2026-05-18 15:45:00,LDN_01,91.4591323798977
2026-05-18 15:45:00,LDN_01,60.72736383815384
2026-05-18 15:50:00,LDN_01,115.55650943240013
2026-05-18 15:50:00,LDN_01,74.02730831886944
2026-05-18 15:50:00,MAN_02,37.45355414928034
2026-05-18 15:55:00,MAN_02,36.926564282722644
2026-05-18 15:55:00,MAN_02,135.2178719689035
2026-05-18 15:55:00,MAN_02,109.72870511907058
2026-05-18 15:55:00,MAN_02,53.603600038655635
2026-05-18 15:55:00,MAN_02,38.592396700599295
2026-05-18 15:55:00,MAN_02,95.98829216666367
2026-05-18 15:55:00,MAN_02,62.855392061168885
2026-05-18 16:00:00,MAN_02,120.98783237911246
2026-05-18 16:00:00,MAN_02,101.43031780920704
2026-05-18 16:05:00,MAN_02,128.1333694769713
2026-05-18 16:05:00,LDN_01,102.42444782181562
2026-05-18 16:10:00,LDN_01,22.482198437705428
2026-05-18 16:10:00,LDN_01,95.50159163812444
2026-05-18 16:10:00,LDN_01,90.89912877563005
2026-05-18 16:10:00,LDN_01,101.23231897758399
2026-05-18 16:10:00,MAN_02,53.59223386757557
2026-05-18 16:10:00,MAN_02,120.9790121123607
2026-05-18 16:10:00,LDN_01,61.4478640360866
2026-05-18 16:10:00,LDN_01,44.46104489834459
2026-05-18 16:10:00,MAN_02,27.118161222567895
2026-05-18 16:10:00,LDN_01,76.90198158642177
2026-05-18 16:10:00,MAN_02,17.398736973897872
2026-05-18 16:15:00,LDN_01,93.94465143555261
2026-05-18 16:15:00,LDN_01,125.43981412922072
2026-05-18 16:15:00,MAN_02,119.02002709025504
2026-05-18 16:15:00,MAN_02,107.71263162368004
2026-05-18 16:20:00,MAN_02,109.89591648484482
2026-05-18 16:20:00,LDN_01,81.03658905249911
2026-05-18 16:20:00,MAN_02,65.54921248881462
2026-05-18 16:20:00,MAN_02,66.49894733884597
2026-05-18 16:20:00,MAN_02,133.14895331969672
2026-05-18 16:20:00,LDN_01,48.11560606901986
2026-05-18 16:30:00,LDN_01,148.54423369654205
2026-05-18 16:30:00,LDN_01,149.54676651766238
2026-05-18 16:30:00,LDN_01,127.4596627875852
2026-05-18 16:30:00,LDN_01,21.41951664690951
2026-05-18 16:30:00,MAN_02,91.36761738813742
2026-05-18 16:35:00,LDN_01,88.5618122241879
2026-05-18 16:35:00,MAN_02,130.92785650519735
2026-05-18 16:35:00,LDN_01,94.91054960963446
2026-05-18 16:35:00,MAN_02,91.54221309294894
2026-05-18 16:35:00,LDN_01,68.04996409754321
2026-05-18 16:35:00,LDN_01,144.9289020466443
2026-05-18 16:35:00,LDN_01,34.722722835294036
2026-05-18 16:40:00,LDN_01,130.00850450349034
2026-05-18 16:40:00,LDN_01,124.57874005914663
2026-05-18 16:45:00,MAN_02,83.22623739442389
2026-05-18 16:45:00,LDN_01,50.19969983035449
2026-05-18 16:50:00,MAN_02,41.922894940745756
2026-05-18 16:55:00,LDN_01,73.76106141533225
2026-05-18 16:55:00,LDN_01,77.26332704722456
2026-05-18 16:55:00,MAN_02,23.862504818941634
2026-05-18 16:55:00,LDN_01,101.45359700094902
2026-05-18 17:00:00,MAN_02,125.19274375184821
2026-05-18 17:00:00,LDN_01,107.68495285356583
2026-05-18 17:00:00,LDN_01,34.931084405287464
2026-05-18 17:00:00,LDN_01,94.45440316448261
2026-05-18 17:05:00,MAN_02,43.95821711081718
2026-05-18 17:10:00,MAN_02,137.58973215911917
2026-05-18 17:10:00,MAN_02,131.41731152305863
2026-05-18 17:10:00,MAN_02,127.73558230150513
2026-05-18 17:10:00,MAN_02,141.2756579239539
2026-05-18 17:15:00,MAN_02,120.62677313300458
2026-05-18 17:15:00,MAN_02,134.71007289964325
2026-05-18 17:15:00,MAN_02,89.54102634060537
2026-05-18 17:20:00,MAN_02,128.42500253707146
2026-05-18 17:20:00,MAN_02,25.31641048613562
2026-05-18 17:20:00,MAN_02,87.0311347793897
2026-05-18 17:20:00,LDN_01,86.1478480396916
2026-05-18 17:20:00,LDN_01,70.726881038464
2026-05-18 17:20:00,LDN_01,68.91059830604308
2026-05-18 17:20:00,MAN_02,34.74524786989104
2026-05-18 17:20:00,LDN_01,134.43739810616134
2026-05-18 17:25:00,MAN_02,84.8743187383252
2026-05-18 17:25:00,MAN_02,116.78226954314418
2026-05-18 17:25:00,LDN_01,14.476669415846644
2026-05-18 17:30:00,MAN_02,44.73800699964487
2026-05-18 17:30:00,LDN_01,143.56946724331425
2026-05-18 17:30:00,LDN_01,121.95136643991022
2026-05-18 17:35:00,LDN_01,142.52572950951273
2026-05-18 17:35:00,MAN_02,10.366107033746431
2026-05-18 17:35:00,LDN_01,140.8403122020899
2026-05-18 17:35:00,LDN_01,38.50584550527035
2026-05-18 17:35:00,MAN_02,65.12049794041843
2026-05-18 17:40:00,MAN_02,131.16433671563482
2026-05-18 17:40:00,LDN_01,92.45705587262628
2026-05-18 17:40:00,MAN_02,124.74342883189058
2026-05-18 17:40:00,LDN_01,139.78172591593474
2026-05-18 17:40:00,MAN_02,66.09676533017517
2026-05-18 17:45:00,LDN_01,35.43631099885994
2026-05-18 17:45:00,LDN_01,147.69210303389778
2026-05-18 17:50:00,LDN_01,85.35581036479005
2026-05-18 17:55:00,MAN_02,51.219112925150135
2026-05-18 17:55:00,LDN_01,64.22571589525131
2026-05-18 17:55:00,LDN_01,47.697535133578064
2026-05-18 18:00:00,LDN_01,26.55609552420138
2026-05-18 18:00:00,LDN_01,30.815215196113957
2026-05-18 18:05:00,MAN_02,42.67151925430317
2026-05-18 18:05:00,LDN_01,19.86391055864849
2026-05-18 18:05:00,MAN_02,73.37854733977296
2026-05-18 18:05:00,LDN_01,116.2423018950134
2026-05-18 18:10:00,LDN_01,27.23595345183163
2026-05-18 18:10:00,LDN_01,123.60521849726402
2026-05-18 18:10:00,LDN_01,27.642126618097603
2026-05-18 18:15:00,MAN_02,120.60782803803528
2026-05-18 18:15:00,LDN_01,50.7170989854385
2026-05-18 18:15:00,MAN_02,30.888975997878376
2026-05-18 18:15:00,LDN_01,46.86059183175148
2026-05-18 18:15:00,LDN_01,13.387188101692473
2026-05-18 18:15:00,LDN_01,80.23151828328045
2026-05-18 18:20:00,LDN_01,10.716887648433355
2026-05-18 18:25:00,LDN_01,131.6831815570191
2026-05-18 18:25:00,MAN_02,75.85326260867653
2026-05-18 18:25:00,MAN_02,44.2579776058153
2026-05-18 18:30:00,MAN_02,81.69588443394574
2026-05-18 18:30:00,MAN_02,110.58736964952249
2026-05-18 18:35:00,MAN_02,96.67832174833191
2026-05-18 18:35:00,LDN_01,36.16635489565973
2026-05-18 18:35:00,MAN_02,114.14391273585798
2026-05-18 18:35:00,LDN_01,22.073907019070464
2026-05-18 18:35:00,MAN_02,125.38188036221378
2026-05-18 18:35:00,LDN_01,32.0335480109169
2026-05-18 18:35:00,MAN_02,8.258049706417022
2026-05-18 18:35:00,LDN_01,29.893496448004008
2026-05-18 18:40:00,LDN_01,59.129850860564176
2026-05-18 18:40:00,LDN_01,101.21291894242303
2026-05-18 18:40:00,MAN_02,111.94943373038926
2026-05-18 18:40:00,LDN_01,149.70044602733392
2026-05-18 18:40:00,MAN_02,55.12591905806832
2026-05-18 18:40:00,MAN_02,47.50642088784692
2026-05-18 18:40:00,MAN_02,54.56351599619202
2026-05-18 18:45:00,LDN_01,90.97629055204696
2026-05-18 18:45:00,MAN_02,112.46249414705856
2026-05-18 18:45:00,MAN_02,31.379578921814314
2026-05-18 18:45:00,MAN_02,136.4384560898593
2026-05-18 18:45:00,LDN_01,98.37993376965728
2026-05-18 18:45:00,MAN_02,14.527752717111094
2026-05-18 18:45:00,LDN_01,76.84624084989878
2026-05-18 18:50:00,LDN_01,111.7844141655848
2026-05-18 18:50:00,MAN_02,85.04684122353713
2026-05-18 18:50:00,LDN_01,117.45150442077653
2026-05-18 18:50:00,MAN_02,132.1940784179007
2026-05-18 18:50:00,LDN_01,23.023097405403984
2026-05-18 18:55:00,LDN_01,131.37283689209454
2026-05-18 18:55:00,LDN_01,48.6997917538006
2026-05-18 18:55:00,MAN_02,82.35185833656662
2026-05-18 18:55:00,MAN_02,121.41375004671166
2026-05-18 19:00:00,MAN_02,96.93082694944364
2026-05-18 19:05:00,MAN_02,70.60372983924054
2026-05-18 19:05:00,LDN_01,119.34659562755697
2026-05-18 19:10:00,MAN_02,123.40691872337868
2026-05-18 19:10:00,LDN_01,7.625976654021874
2026-05-18 19:10:00,MAN_02,122.37983083510733
2026-05-18 19:10:00,LDN_01,7.666648099382677
2026-05-18 19:10:00,MAN_02,138.0104684420252
2026-05-18 19:15:00,MAN_02,71.99084152839924
2026-05-18 19:15:00,MAN_02,44.4845623453085
2026-05-18 19:15:00,MAN_02,31.33166893620672
2026-05-18 19:15:00,MAN_02,48.639717207288356
2026-05-18 19:20:00,MAN_02,40.72829481967049
2026-05-18 19:20:00,LDN_01,141.16481628436995
2026-05-18 19:20:00,LDN_01,77.81827649803017
2026-05-18 19:20:00,MAN_02,96.73017450442248
2026-05-18 19:20:00,MAN_02,126.64022253466045
2026-05-18 19:25:00,MAN_02,42.6642986452473
2026-05-18 19:25:00,LDN_01,148.7194507898616
2026-05-18 19:30:00,MAN_02,89.59181024108747
2026-05-18 19:30:00,MAN_02,7.858027974382802
2026-05-18 19:35:00,LDN_01,60.0553991842537
2026-05-18 19:35:00,MAN_02,55.768162579175865
2026-05-18 19:35:00,LDN_01,112.80869716228312
2026-05-18 19:35:00,MAN_02,126.36693261273244
2026-05-18 19:35:00,MAN_02,120.82356918718148
2026-05-18 19:40:00,LDN_01,54.571464075609484
2026-05-18 19:40:00,MAN_02,128.33435071866506
2026-05-18 19:40:00,MAN_02,123.29580312363957
2026-05-18 19:45:00,LDN_01,111.17260852938637
2026-05-18 19:45:00,LDN_01,96.61296141741691
2026-05-18 19:45:00,LDN_01,126.06488433589837
2026-05-18 19:45:00,LDN_01,70.37170885359916
2026-05-18 19:50:00,LDN_01,100.52358817305402
2026-05-18 19:50:00,MAN_02,5.671643335667414
2026-05-18 19:55:00,MAN_02,54.28186974636959
2026-05-18 19:55:00,MAN_02,131.5771462020792
2026-05-18 19:55:00,LDN_01,8.847169561703858
2026-05-18 19:55:00,LDN_01,103.54885599049513
2026-05-18 19:55:00,MAN_02,9.240856040011076
2026-05-18 19:55:00,MAN_02,20.095744387763208
2026-05-18 19:55:00,MAN_02,78.58282139532125
2026-05-18 19:55:00,LDN_01,38.87312390223694
2026-05-18 20:00:00,LDN_01,55.15304325817873
2026-05-18 20:00:00,MAN_02,137.57332695127235
2026-05-18 20:00:00,LDN_01,83.48365390803599
2026-05-18 20:00:00,LDN_01,108.81597318287264
2026-05-18 20:00:00,MAN_02,119.65485890164972
